"File","Url","Status"
"5-common-bottlenecks-in-financial-advisor-sales-and-how-to-fix-them.md","https://blog.hubspot.com/sales/how-sales-reps-spend-time","ERR"
"5-financial-advisor-lead-generation-strategies-that-actually-work.md","https://www.cfainstitute.org/-/media/documents/survey/investment-risk-profiling.ashx","ERR"
"ai-driven-portfolio-optimization-how-transparent-explainable-ai-is-shaping-the-future-of-wealth-management.md","https://www.cigniti.com/blog/explainable-ai-wealth-management-strategic-imperative/","ERR"
"ai-is-revolutionizing-financial-advisory.md","https://fpalpha.io/","ERR"
"ai-is-revolutionizing-financial-advisory.md","https://openai.com/blog/chatgpt/","ERR"
"ai-is-revolutionizing-financial-advisory.md","https://wealthfeed.ai/","ERR"
"ai-is-revolutionizing-financial-advisory.md","https://wealthio.com/","ERR"
"ai-is-revolutionizing-financial-advisory.md","https://www.accenture.com/_acnmedia/PDF-115/Accenture-Wealth-Management-AI-Report-2018.pdf","ERR"
"ai-is-revolutionizing-financial-advisory.md","https://www.businessinsider.com/<a href=""/blog/tag/ai"">ai</a>-in-financial-services","ERR"
"ai-is-revolutionizing-financial-advisory.md","https://www.ey.com/en_gl/wealth-asset-management/how-can-wealth-managers-satisfy-clients-demand-for-personalization","ERR"
"ai-is-revolutionizing-financial-advisory.md","https://www.mckinsey.com/industries/financial-services/our-insights/how-artificial-intelligence-can-deliver-real-value-to-companies","ERR"
"ai-is-revolutionizing-financial-advisory.md","https://www.mckinsey.com/industries/financial-services/our-insights/how-smaller-wealth-managers-can-thrive-in-a-scale-obsessed-world","ERR"
"ai-is-revolutionizing-financial-advisory.md","https://www.pwc.com/gx/en/services/advisory/consulting/risk/ai-in-risk-and-compliance-survey-2021.pdf","ERR"
"ai-is-revolutionizing-financial-advisory.md","https://www.thinkadvisor.com/2018/04/11/advisors-using-<a href=""/blog/tag/ai"">ai</a>-manage-40-more-in-aum-study/","ERR"
"ai-is-revolutionizing-financial-advisory.md","https://www.thinkadvisor.com/2018/04/11/advisors-using-<a href=""/blog/tag/ai"">ai</a>-manage-40-more-in-aum-study/","ERR"
"ai-is-revolutionizing-financial-advisory.md","https://www.thinkadvisor.com/2018/04/11/advisors-using-<a href=""/blog/tag/ai"">ai</a>-manage-40-more-in-aum-study/","ERR"
"ai-is-revolutionizing-financial-advisory.md","https://www.thomsonreuters.com/en/resources/special-reports/cost-of-compliance-2020.html","ERR"
"automating-financial-advisory-practices-how-to-build-a-lean-advisory-team.md","https://www.riaintel.com/article/2d657xzw1uvwlh6r3bi80/practice-management/how-tech-is-propelling-ria-growth","ERR"
"automating-financial-advisory-practices-how-to-build-a-lean-advisory-team-2.md","https://www.riaintel.com/article/2d657xzw1uvwlh6r3bi80/practice-management/how-tech-is-propelling-ria-growth","ERR"
"balancing-risk-and-reward-the-importance-of-asset-allocation-in-your-investment-strategy.md","https://app.investipal.co/accounts/signup","ERR"
"essential-financial-advisor-tools-for-any-practice.md","https://emoneyadvisor.com/","ERR"
"essential-financial-advisor-tools-for-any-practice.md","https://www.semrush.com/www.morningstar.com","ERR"
"essential-steps-to-integrate-aml-and-id-verification-in-digital-advisor-onboarding-workflows.md","https://www.finra.org/rules-guidance/key-topics/anti-money-laundering","ERR"
"how-ai-is-transforming-portfolio-optimization-the-rise-of-explainable-ai-in-wealth-management.md","https://pmc.ncbi.nlm.nih.gov/articles/PMC11033520/","ERR"
"how-ai-is-unlocking-personalization-at-scale-in-wealth-management.md","https://scfsecurities.com/how-we-think/the-rising-necessity-of-personalized-wealth-management/","ERR"
"how-embedded-esignatures-and-id-scanning-streamline-aml-compliance-in-advisor-onboarding.md","https://www.finra.org/rules-guidance/key-topics/anti-money-laundering","ERR"
"how-financial-advisors-can-grow-aum-with-technology-and-personalization.md","https://www.lpl.com/join-lpl/why-choose-lpl/news-and-insights/how-advisors-create-differentiation-with-holistic-financial-planning.html?utm_source=chatgpt.com","ERR"
"how-investipals-ai-simplifies-reg-bi-compliance-for-financial-advisors-and-broker-dealers.md","https://www.sec.gov/regulation-best-interest","ERR"
"how-technology-is-revolutionizing-financial-advisory-firms-in-2025.md","https://www.investopedia.com/affluent-millennial-investing-survey-7506694","ERR"
"how-technology-is-revolutionizing-financial-advisory-firms-in-2025.md","https://www.salesforce.com/news/press-releases/2023/04/financial-advisor-client-relationships/","ERR"
"how-to-build-a-lead-generation-engine-as-a-financial-advisor.md","https://twitter.com/natehoskin?lang=en","ERR"
"how-to-build-a-lead-generation-engine-as-a-financial-advisor.md","https://www.jasper.<a href=""/blog/tag/ai"">ai</a>/","ERR"
"how-to-leverage-ocr-technology-for-faster-client-account-statement-analysis.md","https://www.adobe.com/acrobat/guides/what-is-ocr.html","ERR"
"maximizing-returns-an-in-depth-look-at-expanding-your-investment-portfolio-beyond-boglehead-principles.md","https://app.investipal.co/accounts/signup","ERR"
"proactive-client-communication-strategies-for-financial-advisors-achieve-clearer-faster-and-more-personalized-conversations.md","https://www.sec.gov/regulation-best-interest","ERR"
"reg-bi-and-ips-automation-best-practices-for-compliant-and-efficient-advisory-workflows-in-2025.md","https://www.sec.gov/regulation-best-interest","ERR"
"regulation-best-interest-reg-bi-what-financial-advisors-and-broker-dealers-need-to-know.md","https://www.sec.gov/regulation-best-interest","ERR"
"the-advisor-shortage-is-here--how-technology-can-help-rias-scale-without-adding-headcount.md","https://www.mckinsey.com/industries/financial-services/our-insights/the-looming-advisor-shortage-in-us-wealth-management","ERR"
"the-role-of-explainable-ai-in-enhancing-regulatory-compliance-and-client-trust.md","https://www.mckinsey.com/capabilities/quantumblack/our-insights/why-businesses-need-explainable-ai-and-how-to-deliver-it","ERR"
"understanding-regulation-best-interest-reg-bi-essential-guide-for-financial-advisors.md","https://www.sec.gov/files/formcrs.pdf","ERR"
"understanding-regulation-best-interest-reg-bi-essential-guide-for-financial-advisors.md","https://www.sec.gov/info/smallbus/secg/regulation-best-interest","ERR"
"why-total-stock-market-funds-are-worth-considering.md","https://app.investipal.co/accounts/signup","ERR"
